username, created_at, lng, lat, text
Mrs_Pops_Leyva, Thu Apr 30 07:00:34 +0000 2020, -121.318722, 38.641305, https://t.co/q4M25KLCfC 
kanani_lol, Thu Apr 30 07:00:34 +0000 2020, -157.735838, 21.390696, Cross faded and keep forgetting to breathe ğŸ™‹ğŸ»â€â™€ï¸ 
Emilykayephotos, Thu Apr 30 07:00:34 +0000 2020, -98.577984, 33.096843, Jaimey + the girls https://t.co/E0DVMjix6q 
Lubithza_LBSG, Thu Apr 30 07:00:35 +0000 2020, -112.598757, 30.901144, Del tejado ğŸ˜© ğŸ» 
Mr_DoubleDouble, Thu Apr 30 07:00:35 +0000 2020, -79.861034, 35.170499, My back hurts so bad 
MaxTrumbull, Thu Apr 30 07:00:35 +0000 2020, -83.574671, 41.656590, https://t.co/xnlPOxU9UY 
simplyvaneee, Thu Apr 30 07:00:35 +0000 2020, -99.298171, 34.144231, Facts! ğŸ™„ğŸ™„ 
Deon_tha_Truth, Thu Apr 30 07:00:35 +0000 2020, -92.076701, 32.521243, Facts but stuff on ha light skin bf ğŸ˜‚ğŸ˜‚â€¼ï¸ 
Kreative_Kayy, Thu Apr 30 07:00:36 +0000 2020, -80.149173, 26.150368, Fucking Burke!!!! Omgggg 
itsbreshae, Thu Apr 30 07:00:36 +0000 2020, -93.809434, 32.461107, 3 
feetlover21, Thu Apr 30 07:00:36 +0000 2020, -102.558037, 23.625418, @Reeysull En la frente.. mientras te devoro el c*lo! Ah y tambiÃ©n #delicia de ğŸ‘£ me los como #malefeet 
Pistol_Ed33, Thu Apr 30 07:00:36 +0000 2020, -119.855078, 34.421639, D.R.I.RepulsionSepultura The GermsAutopsy 
mison_amya, Thu Apr 30 07:00:36 +0000 2020, -84.200366, 39.780358, Do you noticeeeee me do you noticeeeeee me do you noticeee me 
Darth_Zaider67, Thu Apr 30 07:00:37 +0000 2020, -86.409610, 35.847420, The skies are empty 
zwoller14, Thu Apr 30 07:00:37 +0000 2020, -93.301344, 44.824469, @ThierryGotWings Mason Toye at RBA https://t.co/pPIU99qVQM 
jessica_tapatio, Thu Apr 30 07:00:37 +0000 2020, -118.411907, 34.020789, I just want to go back to friday and Saturday nights taking care of my drunk crying friends at 1am 
xRizzelx, Thu Apr 30 07:00:37 +0000 2020, -87.883226, 42.368780, https://t.co/3uWXhamkKe 
zzzweber, Thu Apr 30 07:00:38 +0000 2020, -87.732013, 41.833585, @BrandyLJensen @nathandetroit33 
WHIP_GOD_99, Thu Apr 30 07:00:38 +0000 2020, -87.732013, 41.833585, @DeAnna4Congress ğŸğŸğŸğŸğŸğŸğŸğŸğŸğŸğŸğŸğŸğŸğŸğŸğŸğŸğŸğŸğŸğŸğŸğŸğŸğŸğŸğŸğŸğŸğŸğŸğŸğŸğŸğŸğŸğŸğŸğŸğŸğŸğŸğŸğŸğŸğŸğŸğŸğŸğŸğŸğŸğŸğŸğŸğŸğŸğŸğŸğŸğŸğŸğŸğŸğŸğŸğŸğŸğŸğŸğŸğŸğŸğŸğŸğŸğŸğŸğŸğŸğŸğŸğŸğŸğŸğŸğŸğŸğŸğŸğŸğŸğŸğŸğŸğŸğŸâ€¦ https://t.co/z3m69m42JA 
LiLiTooSmooth, Thu Apr 30 07:00:38 +0000 2020, -115.234435, 36.018805, @Tsu_Surf ğŸ‘€ whaddup 
SemoGirl13, Thu Apr 30 07:00:38 +0000 2020, -89.559744, 37.317093, Just me https://t.co/YpoGYyHU8A 
_jacquelinev_, Thu Apr 30 07:00:38 +0000 2020, -96.761753, 32.819858, is it bad that itâ€™s a mix of all them ? 
BlondeTremaine, Thu Apr 30 07:00:38 +0000 2020, -96.959664, 32.595264, Did you get the attention you wanted? 
Carlos105plus, Thu Apr 30 07:00:38 +0000 2020, -96.972913, 28.802534, I hate when my sad boi songs come on because thatâ€™s not me rn 
GumboXpress, Thu Apr 30 07:00:39 +0000 2020, -95.358150, 29.727980, Join us this Sunday,  May 3rd (11a - 4p) for our Curbside Brunch cafe_bee_u. 3235 Holman St. HTX 77004. We encouragâ€¦ https://t.co/E6K9qrGKqd 
Chris2Peezy, Thu Apr 30 07:00:39 +0000 2020, -121.716454, 37.931388, Both!!! 
PeterCorless, Thu Apr 30 07:00:39 +0000 2020, -121.873730, 37.331159, @ComicWisdom For example, are you doing a print-on-demand run? What does the individual rate look like? Or a set unâ€¦ https://t.co/ZzKi3RONZs 
Onye_nzuzu, Thu Apr 30 07:00:39 +0000 2020, -87.732013, 41.833585, @Reet_a_tweet What we can do is mitigate the risks. 
bobbyblackjack, Thu Apr 30 07:00:39 +0000 2020, -74.117878, 40.905797, Hash browns!!!! 
WOSmith, Thu Apr 30 07:00:39 +0000 2020, -122.676108, 38.452218, @HSugarCookie So that would mean anal would be spelunking!!! 
CorvusCorax77, Thu Apr 30 07:00:39 +0000 2020, -122.630908, 45.536402, @gage_limbach ğŸƒ 
_SirRoman, Thu Apr 30 07:00:39 +0000 2020, -110.854585, 24.107997, @DmntsGang La envidia es pa perdedores maa brotha!ğŸ‘Š 
hcarreon_zuly, Thu Apr 30 07:00:40 +0000 2020, -100.365274, 25.807314, Holiiii 
__natrodriguez, Thu Apr 30 07:00:40 +0000 2020, -117.603783, 34.045158, Wishing I was at Disney taking selfies rn :/ https://t.co/8yFAoHGxn6 
edgarlopez477, Thu Apr 30 07:00:40 +0000 2020, -117.000831, 32.705576, Iâ€™m going to protest tomorrow in PB with my MAGA hat. Iâ€™m debating on which shoes to wear but I think Iâ€™m going toâ€¦ https://t.co/wse3IwgtNg 
macsmommy, Thu Apr 30 07:00:40 +0000 2020, -82.114167, 28.663889, Mac chasing Ronnie Robot in the kitchen. @ Bushnell, Florida https://t.co/6eZ7yOvr8Y 
LBAddis, Thu Apr 30 07:00:40 +0000 2020, -85.768241, 37.822244, Good point. Wearing a mask (with perhaps gloves, too) and maintaining a safe/recommended distance can be done at boâ€¦ https://t.co/5IKAEgevR1 
Gummbyman32, Thu Apr 30 07:00:40 +0000 2020, -117.851089, 33.842863, https://t.co/MIHGdYAQKe 
thisjus52618179, Thu Apr 30 07:00:40 +0000 2020, -83.804475, 27.698682, Blah blah blah blah blah blah blah blah blah blah 
ForeverGilligan, Thu Apr 30 07:00:41 +0000 2020, -83.002085, 42.295065, so patches is just gonna put his entire head on mine to go to bed tonight? true. 
_Kvng_Myles, Thu Apr 30 07:00:41 +0000 2020, -89.922029, 35.133521, Gotta kno dat maâ¤ï¸ 
ChristineCoz, Thu Apr 30 07:00:41 +0000 2020, -79.565792, 43.837104, Weâ€™ll take our blessings where we can get them... ğŸ™ğŸ»â›ªï¸ğŸš       https://t.co/GmflnFalEZ https://t.co/JcQa7RbimR 
EternalEyedKing, Thu Apr 30 07:00:41 +0000 2020, -80.233328, 25.782353, @cosmixmel @5SOS https://t.co/FhaF6NZnyd 
illbefrank84, Thu Apr 30 07:00:41 +0000 2020, -73.968542, 40.780709, When you already have trust issues and they consistently â€œsorry I got high and passed out from the dabsâ€ for hoursâ€¦ https://t.co/C0tv1myxtV 
Hoopadudley, Thu Apr 30 07:00:41 +0000 2020, -117.585658, 33.859093, @TrentRushSports @Angels In Phoenix watching the vcr recording of the game even after listening on the radio after work 
Kristy_love69, Thu Apr 30 07:00:41 +0000 2020, -71.088712, 42.313670, Ain't nothing better than sucking on a nigga's finger after it's been in your pussy 
L1LCR01SS4NT, Thu Apr 30 07:00:41 +0000 2020, -118.156711, 33.809172, Iono if itâ€™s cause Iâ€™m tipsy But I get so sad when people think Iâ€™m stuck up, mean, or Iâ€™m too pretty Reality isâ€¦ https://t.co/gpehbbklM2 
sarmmont, Thu Apr 30 07:00:42 +0000 2020, -79.616073, 43.555244, @_stefaniealison Girl u be taking hoe baths All year long 
RosePAr47670551, Thu Apr 30 07:00:42 +0000 2020, -80.045939, 32.914424, https://t.co/BUw8vIk5Tt 
ronology2_, Thu Apr 30 07:00:42 +0000 2020, -73.948775, 40.655138, https://t.co/9CktnskTf6 
Nick_Ghods, Thu Apr 30 07:00:42 +0000 2020, -77.479582, 39.086942, @throcky_ Peanut ğŸ¥œ 
senatorvillegas, Thu Apr 30 07:00:42 +0000 2020, -111.917026, 40.765805, @JradRabel Thanks bro!! 
HeyAraay, Thu Apr 30 07:00:42 +0000 2020, -83.173867, 32.678207, ğŸ˜ 
Bl6ckBette, Thu Apr 30 07:00:42 +0000 2020, -97.285913, 32.779967, We love BeyoncÃ© on this game https://t.co/aJvT1MZpJa 
nuclearkatie, Thu Apr 30 07:00:42 +0000 2020, -89.569491, 44.900818, @Antiproton_com @rszasz @drskyskull My area of expertise is pretty far removed from detectors, though! Besides an Uâ€¦ https://t.co/TgxQxTQS29 
ryanballis22, Thu Apr 30 07:00:43 +0000 2020, -110.892878, 32.302931, @zachbruhl Thanks man ğŸ™ğŸ¼ 
barbiedanz, Thu Apr 30 07:00:43 +0000 2020, -115.135165, 36.060964, Love is a soul awakening 
AlexSGray, Thu Apr 30 07:00:43 +0000 2020, -81.897464, 42.843998, @pambesteder Did you know in Canada the word â€œspookâ€ equals the â€œnâ€ word referring to black people? 
santanaajosee, Thu Apr 30 07:00:44 +0000 2020, -117.434547, 47.667438, @CoryMckane Cool 
iamyolobaaaby, Thu Apr 30 07:00:44 +0000 2020, -82.755341, 27.992711, Is this account real @RCA_Byormark i need to know please somebody help 
iiD7nL0fyglAgDX, Thu Apr 30 07:00:44 +0000 2020, -118.503259, 34.415631, #ì„ì§„ #ë³´ë¼ #ì„ì§„ #ì‚¬ë‘ #ì„ì§„ #ì—í”¼íŒŒë‹ˆ  #ì„ì§„ #ì–´ì›¨ì´í¬ #ì„ì§„ #ë¬¸  #ì„ì§„ #ì–´ê¹¨ #ì„ì§„ #ë¹„ìœ¨ #ì„ì§„ #ë§ë‚´ #ì„ì§„ #ë§í˜• #ì„ì§„ #ìŒìƒ‰ #ì„ì§„ #ë³´ì»¬ #ì„ì§„ #ì¶¤ #ì„ì§„ #ê³ ìŒ  #ì„ì§„â€¦ https://t.co/Ig2s56r29I 
WRFoxKidsNation, Thu Apr 30 07:00:45 +0000 2020, -84.291981, 39.789929, Oh shit! 
UncleSamActual, Thu Apr 30 07:00:45 +0000 2020, -122.641642, 41.722043, C-130 rolling down the strip! 
dewilliams29, Thu Apr 30 07:00:45 +0000 2020, -83.804475, 27.698682, Bottom line we know whoâ€™s the weakest...crying over freedom and rights when itâ€™s been accepted to strip away a persâ€¦ https://t.co/U7dD8B1s73 
MoneyBoyBuckz, Thu Apr 30 07:00:45 +0000 2020, -73.948775, 40.655138, Higher den ah bitch ğŸ˜‘ 
_livelikelex, Thu Apr 30 07:00:45 +0000 2020, -84.433106, 33.767195, come get your favorite rapper @Zakirjones_ 
Nick_a_lodeon, Thu Apr 30 07:00:46 +0000 2020, -74.563799, 40.413909, Ask me about my budding music career 
angthegem, Thu Apr 30 07:00:46 +0000 2020, -111.931711, 34.168253, FAV FREESTYLE FROM HER OMM 
MAGAWeatherman, Thu Apr 30 07:00:46 +0000 2020, -80.926628, 33.631140, @NWSColumbia just had a 62mph wind gusts in Northern Lancaster County just south of Van Wyck (off of Charlotte Highâ€¦ https://t.co/djYjbkEA0m 
iamkristyb, Thu Apr 30 07:00:46 +0000 2020, -83.804475, 27.698682, Money on my mind. 
mmonse316, Thu Apr 30 07:00:46 +0000 2020, -118.129042, 33.888081, @YEYOLOWKS Todo lo que un novio deberÃ­a ğŸ¤ 
_carmecita_, Thu Apr 30 07:00:46 +0000 2020, -119.782465, 36.786042, Mood 
keilyoterox333, Thu Apr 30 07:00:46 +0000 2020, -73.831187, 40.670879, I fell asleep early to just wake up now someone make me cry again I fall asleep super fast for some reason when I do 
Lilignit, Thu Apr 30 07:00:46 +0000 2020, -83.173867, 32.678207, One day I will have 100 viewers in chat 
emilyadlof, Thu Apr 30 07:00:46 +0000 2020, -100.076888, 31.168893, @YanceyOtto1 Gimme details 
Josuedearc, Thu Apr 30 07:00:46 +0000 2020, -112.124676, 33.552863, Good thing Iâ€™m essential ğŸ˜€ 
ouiouiskam, Thu Apr 30 07:00:47 +0000 2020, -77.509630, 38.912599, Me on my way to the polls to vote in November https://t.co/eDM7FuCSoC 
kyleighhankton, Thu Apr 30 07:00:47 +0000 2020, -91.044925, 33.393600, @ogmiiia Yes ğŸ˜‚ğŸ˜‚ğŸ˜‚ 
rnguyen1205, Thu Apr 30 07:00:47 +0000 2020, -121.873730, 37.331159, @najavlis You are a petite guitar 
sierraouslyyy, Thu Apr 30 07:00:47 +0000 2020, -118.411907, 34.020789, How am I supposed to make bad decisions if Iâ€™m stuck inside and am scared of people 
Vashoden, Thu Apr 30 07:00:47 +0000 2020, -117.022695, 38.502147, This is my #room. Yesterday it was in shambles and I was living in denial on how bad it had gotten. Spent all dayâ€¦ https://t.co/r7Fzfl6xDc 
xavier_wright_, Thu Apr 30 07:00:47 +0000 2020, -96.699604, 33.194651, https://t.co/b72qTgjIdQ 
rockmom, Thu Apr 30 07:00:47 +0000 2020, -75.127027, 40.312803, @ealadro539 @GarrulousGoat @STFLIckUp @jadande Lots of us are still working and desperately missing sports!! Aprilâ€¦ https://t.co/WTpIbZNTCM 
aniitaabonita, Thu Apr 30 07:00:48 +0000 2020, -122.435979, 37.770657, @muertesols Who r u talking to? 
4TheeWorldofB, Thu Apr 30 07:00:48 +0000 2020, -90.158017, 32.230987, This man ceases to amaze me. Iâ€™m so proud of my brother ğŸ‘ğŸ¾ğŸ’ªğŸ¾ 
Dalynn_, Thu Apr 30 07:00:48 +0000 2020, -80.421955, 35.700175, Bro I swear 
andrewoko23, Thu Apr 30 07:00:48 +0000 2020, -111.880874, 33.282450, @paxpax14 @Djuicetm thereâ€™s absolutely no way that you serious g ğŸ˜‚ 
RickNakama, Thu Apr 30 07:00:48 +0000 2020, -157.944105, 21.395046, Mason had full creative control of dessert &amp; delivered this cone of surprises for me to eat. @ Rick's Coffee Break https://t.co/hX3sxasn6x 
dbruess2, Thu Apr 30 07:00:48 +0000 2020, -95.189469, 29.511978, @lildickytweets thank you for this show, season was dope ğŸ™ğŸ¼ 
jayjayriv, Thu Apr 30 07:00:48 +0000 2020, -118.222017, 33.884968, @valeriaabernal Some f*gg*t thatâ€™s always talking about A24 movies recommended it ğŸ˜©Sksksk *cough cough* @the4thgate 
RendertheBooty, Thu Apr 30 07:00:48 +0000 2020, -116.238001, 43.598033, @seararain Well you see you light it, you hold it in about 3 seconds, you inhale it, you blow it out your nose bc iâ€¦ https://t.co/l1DMLIbYi1 
Ibedodie, Thu Apr 30 07:00:48 +0000 2020, -89.559744, 37.317093, He is the sickest most Evil narcissist that has ever lived ğŸ‘¿ğŸ¤¢ğŸ·ğŸ¦  
yoderro, Thu Apr 30 07:00:49 +0000 2020, -75.770041, 42.746617, 3:00:45 m04/30/2020itâ€™s fine, iâ€™m alright @LilXtraATL https://t.co/624LhVaARA 
LUXRE, Thu Apr 30 07:00:49 +0000 2020, -80.168949, 26.439656, Delray Beach, Florida - $579,900 USD https://t.co/vYUTViUFfd https://t.co/Z1h5I8r5Z5 
Tru29sel, Thu Apr 30 07:00:49 +0000 2020, -118.156711, 33.809172, @CyrusMMcQueen What's wrong with cheesecake for breakfast? Sounds good to me. 
alcarmona175, Thu Apr 30 07:00:49 +0000 2020, -83.804475, 27.698682, @hollandcourtney @5b20be6386164f8 Exactly right. We are probably safer voting normally. #ReopenAmerica #VoterID https://t.co/citmksWkgg 
RawwHoneyy, Thu Apr 30 07:00:49 +0000 2020, -96.913053, 32.647124, you got a better chance of meeting Harry than me getting you a goat 
lavelle_sowell, Thu Apr 30 07:00:49 +0000 2020, -118.222017, 33.884968, @playyboigeo @sadiqacklin Never listening to him again 
shaysolovely, Thu Apr 30 07:00:49 +0000 2020, -158.037475, 21.472732, I get in certain moods where I donâ€™t talk! And I self destruct and push ppl away! ğŸ˜” 
byeongyunho, Thu Apr 30 07:00:49 +0000 2020, -118.411907, 34.020789, what are some concepts that you would like to try? ğŸ‘€ #ASKATEEZ #TwitterBlueRoom #ATEEZÂ  #ì—ì´í‹°ì¦ˆ 
LOVEcrimess, Thu Apr 30 07:00:49 +0000 2020, -118.411907, 34.020789, Dying ğŸ˜‚ 
porshadeun, Thu Apr 30 07:00:50 +0000 2020, -83.633752, 42.906423, @AllShrinks The main characters never share a name with someone I know. Side characters maybe but different spellinâ€¦ https://t.co/qz5fbhkPI2 
SilencxerES, Thu Apr 30 07:00:50 +0000 2020, -96.761753, 32.819858, @i2Apollo Holy hell where were you during ww2 you just beat Hitler 
__jossyyy, Thu Apr 30 07:00:50 +0000 2020, -96.761753, 32.819858, @__SweetHoneyy See you tomorrow. ğŸ¥°ğŸ¥°ğŸ¥° 
JoshChapinABC11, Thu Apr 30 07:00:50 +0000 2020, -78.895441, 35.990983, https://t.co/uyQibMj4e2 we all hope thereâ€™s school in the fall here #ABC11 @UNC @UNC_System 
boyanbrian, Thu Apr 30 07:00:50 +0000 2020, -121.166248, 38.776553, @ProfessorCrunk youâ€™re a racist 
Kelpalots, Thu Apr 30 07:00:50 +0000 2020, -97.343915, 37.683897, He caused every Holocaust. 
Angel21Pineda, Thu Apr 30 07:00:51 +0000 2020, -121.873730, 37.331159, First mistake was fucking with a lot of people and not keeping my circle small fasho 
polkadottedhobo, Thu Apr 30 07:00:51 +0000 2020, -117.824049, 33.810159, thank GOD holy fuck!!!! 
Olivertitan1105, Thu Apr 30 07:00:51 +0000 2020, -73.948775, 40.655138, I guess Iâ€™m growing my hair back out while until further notice... 
TalesNarrative, Thu Apr 30 07:00:51 +0000 2020, -73.948775, 40.655138, RIP #Rishi_Kapoor that's 2 artists in just 2 days iâ€™ve known from childhood. Truly a loss. ğŸ’” 
cristian__vaca, Thu Apr 30 07:00:52 +0000 2020, -116.871099, 33.043952, Smh see what yâ€™all did for flocking to the beaches ğŸ˜‚ 
huddiinc, Thu Apr 30 07:00:52 +0000 2020, -117.661853, 34.119646, https://t.co/SxGvxqcUbm May 8th â¤ï¸ 
IanMBrowne, Thu Apr 30 07:00:52 +0000 2020, -71.088712, 42.313670, This is very touching..RIP, Mike. I remember reading him as a kid. Thanks to Mark and @AdamHimmelsbach of the Globeâ€¦ https://t.co/69WbWhH5ZV 
DirtySouth_Tony, Thu Apr 30 07:00:52 +0000 2020, -121.469664, 38.561722, Over here trying to keep myself occupied but this shit hurts bad. Thatâ€™s why I canâ€™t wait til I go back to work. 
ruthellaowens, Thu Apr 30 07:00:52 +0000 2020, -96.761753, 32.819858, These Dallas Restaurants Will Reopen Dining Rooms on May 1 https://t.co/QVUDWR8hb4 
xoxoambrozia, Thu Apr 30 07:00:52 +0000 2020, -119.827182, 39.512436, Anyone elseâ€™s twitter acting up? Annoying ğŸ™ƒğŸ™ƒ 
ochoa_jaden, Thu Apr 30 07:00:52 +0000 2020, -119.306608, 37.269176, @matt607z Thank you&lt;3 
Nottooickyyy, Thu Apr 30 07:00:53 +0000 2020, -73.831187, 40.670879, LMAO 
Subject1173, Thu Apr 30 07:00:53 +0000 2020, -118.325145, 34.182160, How do u explain to people that you one times retreat into ur own head to escape sometimes and drinking enhances thâ€¦ https://t.co/RuNtCxyhUx 
BlueHawk54, Thu Apr 30 07:00:53 +0000 2020, -100.076888, 31.168893, @musicisillegal @pochowek And heres what that guy looked like! https://t.co/qxPRYrzD40 
Ben_Ruiz, Thu Apr 30 07:00:53 +0000 2020, -122.435979, 37.770657, @iglizzie A MAJOR throwback 
alikiiiaa, Thu Apr 30 07:00:53 +0000 2020, -118.070164, 33.977809, https://t.co/BVj8zvx6mg 
ChicagoTafia, Thu Apr 30 07:00:53 +0000 2020, -87.665193, 41.558940, @godblesstoto @warateg Veteran of the beans war in what 95/96? 
KarinFox, Thu Apr 30 07:00:53 +0000 2020, -75.262703, 40.007008, @advocate_parent Sheâ€™d blocked a bunch of advocates a few weeks ago, but then unblocked us. She is completely repulâ€¦ https://t.co/dJpzEeCGjc 
Player1_UMB, Thu Apr 30 07:00:53 +0000 2020, -97.754724, 30.323346, @maddiebeth99 Just to break the record. Why not? 
LadyBellaDiego, Thu Apr 30 07:00:53 +0000 2020, -117.104989, 32.810012, I love these amazing Arollo boots My Ed got me, he spoils me so good ğŸ˜Š missing our play time. https://t.co/oWjpPoMeFf 
BatwinEXE, Thu Apr 30 07:00:54 +0000 2020, -74.010886, 40.787365, YAY! #keepyaheadup 
j345vr, Thu Apr 30 07:00:54 +0000 2020, -123.123581, 49.257639, Science has oppertunity to investagate to  learn how hermphrodiate actually do naturally reproduce 
HolliJay29, Thu Apr 30 07:00:54 +0000 2020, -87.732013, 41.833585, Molly in my pineapple and rum ğŸ¥° #healthycoping #ineedseratonin #dopeminefiend 
OccupyMars78, Thu Apr 30 07:00:54 +0000 2020, -98.245675, 26.240690, You wear a size 0 in pants so NO youâ€™re not fat! Lol wtf 
viscagaby, Thu Apr 30 07:00:54 +0000 2020, -117.851089, 33.842863, This how the cockroach be after getting spraid with raid 
TurnerT7057, Thu Apr 30 07:00:54 +0000 2020, -82.501283, 27.543043, #trumpknew#Trumsoldusout to China 
VloneVito, Thu Apr 30 07:00:54 +0000 2020, -74.946407, 40.102243, She a dime Ima let er ride plus I got a dime on me.... ğŸ¥³ 
knightrider_say, Thu Apr 30 07:00:54 +0000 2020, -122.452698, 37.678780, Angel: I have no clue how he survived that fall off the cliff every obe from FLAG was sure of it but according to aâ€¦ https://t.co/SL9HiIsjDL 
__dooomi, Thu Apr 30 07:00:54 +0000 2020, -74.126997, 40.855511, Manifesting all the cornballs being removed from my inbox ğŸ™ğŸ» 
LilacMoon_, Thu Apr 30 07:00:54 +0000 2020, -117.462698, 34.108160, I ate 2 cheesecake bites and I feel like a fat monster now https://t.co/ZT3pxYaG6V 
4our_4, Thu Apr 30 07:00:55 +0000 2020, -79.272570, 43.629311, Girl ğŸ¤£ 
EpicSaxTenHours, Thu Apr 30 07:00:55 +0000 2020, -94.675094, 38.931549, This is my favorite thing of today https://t.co/mGSSJjM5UU https://t.co/do6UYsOQ1Q 
Kvng_pena, Thu Apr 30 07:00:55 +0000 2020, -100.076888, 31.168893, @kmsoliss ğŸ˜³ 
LoveLeahx, Thu Apr 30 07:00:55 +0000 2020, -89.017567, 42.257146, @1TriggaTrey You good?? 
JimClinkscale, Thu Apr 30 07:00:55 +0000 2020, -72.757385, 41.500753, Landslide! 
br_webb, Thu Apr 30 07:00:56 +0000 2020, -123.123581, 49.257639, @steeletalk @CityofVancouver Is it because of the Nelson St upgrade works? Iâ€™ve noticed so many cars in yaletown thâ€¦ https://t.co/30mo7EDNLL 
coreyfoulem1, Thu Apr 30 07:00:56 +0000 2020, -79.877940, 47.820420, 1983 Dodge Aries: Cold Start after sitting 6 Months!dodgecanada pentastarclassics @officialmoparâ€¦ https://t.co/5k59E7M3YF 
bnarddddd, Thu Apr 30 07:00:56 +0000 2020, -87.650300, 34.750800, Tomorrow â€¼ï¸â€¼ï¸â€¼ï¸â€¼ï¸ All platforms @ Muscle Shoals, Alabama https://t.co/AKPEhA24uQ 
christos_ioa, Thu Apr 30 07:00:56 +0000 2020, -81.550398, 41.474967, @StephieTheLefty @Aseemru This was my experience mostly, but he was way worse towards others https://t.co/t7F6wz8KSf 
tahiraidc, Thu Apr 30 07:00:56 +0000 2020, -80.294893, 26.156619, @jamilasha_ https://t.co/O1Mg0Xl40Q 
JesusOr33688349, Thu Apr 30 07:00:57 +0000 2020, -115.223125, 36.232915, #ThursdayThoughts 
KingDavid2490, Thu Apr 30 07:00:57 +0000 2020, -121.971926, 38.362844, @JThorpe3 I hate you ğŸ¤£ğŸ˜‚ I almost died ğŸ’€ 
JALENBOE, Thu Apr 30 07:00:57 +0000 2020, -79.857363, 36.090397, @chaaalynn ğŸ§¡ 
arlenee79, Thu Apr 30 07:00:57 +0000 2020, -118.411907, 34.020789, @nancechalant Amen 
Kreative_Kayy, Thu Apr 30 07:00:57 +0000 2020, -80.149173, 26.150368, I woulda passed tf outtt 
jiggygemma, Thu Apr 30 07:00:57 +0000 2020, -118.125196, 34.583629, @mmeeliisssaaaa ILY â¤ï¸â¤ï¸â¤ï¸â¤ï¸â¤ï¸â¤ï¸â¤ï¸â¤ï¸ 
FatimaSierraa, Thu Apr 30 07:00:57 +0000 2020, -100.270474, 25.736715, Acabo de leer toda la novela de los tapabocas de Mariana Rdz, entiendo el nivel de incertidumbre que genera al mostâ€¦ https://t.co/TJAoA40CTi 
francescaclubb, Thu Apr 30 07:00:57 +0000 2020, -75.112270, 38.338571, i would love so much to be able to hangout with black out drunk me. thatâ€™s just another person https://t.co/sExIvaWdEm 
Mirodaya, Thu Apr 30 07:00:57 +0000 2020, -73.723025, 45.557830, @Asnami_ @Tsun9mi_ Should make oppai v2 ngl 
Jozle_Jozle, Thu Apr 30 07:00:57 +0000 2020, -95.446486, 29.838495, Depression is when youâ€™re not feeling right but donâ€™t know why. 
triplet2000, Thu Apr 30 07:00:57 +0000 2020, -83.173867, 32.678207, @mkidxxs Donâ€™t even do that bro ğŸ˜­ https://t.co/l16OVIQAr7 
Martino42800913, Thu Apr 30 07:00:58 +0000 2020, -117.104989, 32.810012, @rin_asahina7 ãã‚Œã¾ã§ã¯ã©ã†ã¶ã¤ã®æ£®ã‚’ã‚„ã‚Šã¾ã™ ğŸ¤£ğŸ˜‚ 
babybleubills, Thu Apr 30 07:00:58 +0000 2020, -74.184848, 40.734494, She held it down when I was down thatâ€™s why I still fuck with you 
loganmichalsky, Thu Apr 30 07:00:58 +0000 2020, -118.338504, 34.116391, A whole ass mood lately. https://t.co/Tob9B4SiUf 
_shykiaa, Thu Apr 30 07:00:58 +0000 2020, -84.230650, 33.526882, i been playing this kcamp on repeat 
aapprriill02, Thu Apr 30 07:00:58 +0000 2020, -100.076888, 31.168893, iâ€™m pretty cool ... but idk , thatâ€™s just my opinion ğŸ¥ºğŸ‘‰ğŸ»ğŸ‘ˆğŸ» 
ItsTheBoat, Thu Apr 30 07:00:58 +0000 2020, -83.804475, 27.698682, @AtAngelica90 Sheâ€™s gonna be made we are awaking her up from an extended nap 
briacooper_, Thu Apr 30 07:00:59 +0000 2020, -119.782465, 36.786042, @aninick4n6 literally 
NurseOnTheRight, Thu Apr 30 07:00:58 +0000 2020, -115.223125, 36.232915, @callmemoonkid https://t.co/yYjZ2iUuP0 
_proverbs31__, Thu Apr 30 07:00:58 +0000 2020, -119.306608, 37.269176, Cheese factory for the win tonight! ğŸ˜› #LateNightbite  #QuarantineLife https://t.co/LeDRsU4tHq 
ryanballis22, Thu Apr 30 07:00:59 +0000 2020, -110.892878, 32.302931, @zachbruhl Itâ€™s all in the hips 
youadoremiaaa, Thu Apr 30 07:00:59 +0000 2020, -83.344830, 42.607537, @JaneeWiseman_ Ok bet! 
_nebadass, Thu Apr 30 07:00:59 +0000 2020, -89.864704, 30.779717, @toots4short__ Me too , deflee need that hammond trip 
2nuff4u, Thu Apr 30 07:00:59 +0000 2020, -82.368322, 27.998056, ğŸ¤” 
Anna17245759, Thu Apr 30 07:01:00 +0000 2020, -85.253692, 34.015725, Folks not cut right and it shows , olâ€™ pussy ahh 
LSunset23, Thu Apr 30 07:00:58 +0000 2020, -118.125196, 34.583629, Yâ€™all when is @Crysanthinum gonna stream acnh again Iâ€™m waiting.ğŸ¥ºğŸ¦‹ğŸ’œ 
baaaarbieee, Thu Apr 30 07:01:00 +0000 2020, -121.469664, 38.561722, @ze_rose Whaaaat! PorquÃ©? I hit up la superior from time to time to grab some. 
Ms_Oklahoma, Thu Apr 30 07:01:00 +0000 2020, -98.716992, 35.309047, When I was in 8th grade, we had a day long lockdown bc there was a convict running around Tecumseh, and my Englishâ€¦ https://t.co/0GbSPFr5zb 
Faaaatmaaaah, Thu Apr 30 07:01:00 +0000 2020, -98.319925, 38.498196, ÙˆÙŠØ¹ Ù„ÙŠØ´ Ú†Ø°ÙŠ ÙˆØ§ÙŠØ¯ Ø£ÙÙƒØ±ğŸ˜‘ 
KevinClamato, Thu Apr 30 07:01:00 +0000 2020, -73.968542, 40.780709, @AdvocateWriter @NBCNews Barbaric? ğŸ¤¦ğŸ»â€â™‚ï¸ Weâ€™ll be at 100,000 #COVID19 deaths in the a#USA by May 18th. Sooner now tâ€¦ https://t.co/EbLEOKsSlI 
A_AMillzz, Thu Apr 30 07:01:00 +0000 2020, -90.011008, 29.982601, @iluv_WILLOW ohhh fck noo! ğŸ˜• 
__Santiiii__, Thu Apr 30 07:01:00 +0000 2020, -118.006657, 33.852736, Send me yâ€™alls skin care 
SevereSociety, Thu Apr 30 07:01:00 +0000 2020, -117.022695, 38.502147, @TasteOfCountry I'd be okay if they had instant testing at the same time as the metal detector and handbag search.â€¦ https://t.co/r7hwymxMFS 
ohshiiieeet, Thu Apr 30 07:00:58 +0000 2020, -122.435979, 37.770657, @tpwkfaIIing youâ€™re good 
kiejahd, Thu Apr 30 07:01:00 +0000 2020, -78.387404, 35.780479, @NBCNews See, I feel this was an overreaction.So he watches porn. It's not like he was playing audio in class as background music. ğŸ˜³ 
lg_royal, Thu Apr 30 07:01:00 +0000 2020, -122.228685, 37.791994, @_blackisgold_ @kaislocs @asap6ixx No explanation ğŸ™…ğŸ¾â€â™‚ï¸ğŸ¤®ğŸ¤¢ğŸš«itâ€™s not rite ğŸ˜‚ 
anekohh, Thu Apr 30 07:01:00 +0000 2020, -91.188692, 32.405961, blue 
PaperstacksHit, Thu Apr 30 07:01:00 +0000 2020, -84.314792, 33.706392, You coulda said this when everyone was awake 
PanchoCordova5, Thu Apr 30 07:01:00 +0000 2020, -111.498181, 28.969863, Â¡ListÃ³n! 
DeezyBlancoo, Thu Apr 30 07:01:00 +0000 2020, -93.809434, 32.461107, @JayyDior5 you the top ? 
les_eg, Thu Apr 30 07:01:01 +0000 2020, -86.270540, 45.001180, ÙˆÙŠÙ‚ÙˆÙ„ÙŠ Ø¹Ø³Ø± Ù‡Ø¶Ù…ØŒØ·ÙŠØ¨ Ù‡Ùˆ ÙÙŠÙ† ÙŠØ§ Ø¨Ø§Ø´Ø§ Ø§ØµÙ„Ø§Ù‹ Ø§Ù„Ù„ÙŠ ÙƒÙ„ØªÙ‡ Ø¹Ù„Ø´Ø§Ù† ÙŠØªÙ‡Ø¶Ù…ØŸ!!! 
SusanMcGrath, Thu Apr 30 07:01:01 +0000 2020, -77.712855, 38.744051, Serious question?!? When does my boy @wendellholland earn his shot back in competition? Heâ€™s been onâ€¦ https://t.co/WIOnjKE8VI 
Chef_BoyardVee, Thu Apr 30 07:01:01 +0000 2020, -118.222017, 33.884968, @gabbagabbie132 @iixchels Pretty sure thats a horse rhino 
mavarin, Thu Apr 30 07:01:01 +0000 2020, -110.915573, 32.189391, @Teresa1643 Sounds great! 
rasta_javieon, Thu Apr 30 07:01:01 +0000 2020, -95.317040, 32.315662, ğŸ’šğŸ’“ 
phatlaffs, Thu Apr 30 07:01:02 +0000 2020, -96.761753, 32.819858, @ComedyCentral ğŸ¤£ğŸ˜‚ğŸ¤£ 
RyanChe47823466, Thu Apr 30 07:01:02 +0000 2020, -117.772917, 34.065450, @RealPaigeWWE Oh Yeah Friday the 13th The Game can be scary sometimes 
nairosss, Thu Apr 30 07:01:02 +0000 2020, -76.620482, 39.284713, Inayah - best thing ...ğŸ”‚ğŸ”‚ğŸ”‚ğŸ˜this my favorite songğŸ˜© 
RackTrevor, Thu Apr 30 07:01:02 +0000 2020, -83.804475, 27.698682, TL sleep. oK the front and back pieces of bread are the best pieces. 
stayfreakytv, Thu Apr 30 07:01:02 +0000 2020, -83.099288, 42.352787, @LexyLuxe Sounded bitter ğŸ˜­ 
itsmekali_, Thu Apr 30 07:01:02 +0000 2020, -93.301344, 44.824469, #codyjonisoverparty stan ruel instead  https://t.co/itd7X9re6T 
_UrSoREPLACED, Thu Apr 30 07:01:03 +0000 2020, -96.761753, 32.819858, Dk why this pic reminds me of @YouLoveAllie 
PrincessPanocha, Thu Apr 30 07:01:03 +0000 2020, -122.435979, 37.770657, Raise your hand is you miss being an anonymous pass around cum dump and also going to the moviesğŸ¥ºâœŒï¸ 
gera_alvar, Thu Apr 30 07:01:03 +0000 2020, -100.118882, 25.608331, Eh carnal no sabia que mi snap estana lleno de fotos con mi ex, esperaba algo mejor :/ 
Kelpalots, Thu Apr 30 07:01:03 +0000 2020, -97.343915, 37.683897, Max Devon. 
ARMY_SFC_GARCIA, Thu Apr 30 07:01:03 +0000 2020, -121.665845, 36.674019, Answer the call.  It's your next big opportunity!  All you need is an opportunity to take advantage of so you can aâ€¦ https://t.co/ZedDw6nmHz 
Kamharikenae, Thu Apr 30 07:01:04 +0000 2020, -76.620482, 39.284713, I want my bf to wake up cus Iâ€™m bored 
DCarc, Thu Apr 30 07:01:04 +0000 2020, -121.825060, 36.625806, Remember when white women wouldnâ€™t throw a fit about being called Becky ğŸ˜‚ 
shea_jordan, Thu Apr 30 07:01:04 +0000 2020, -95.508925, 29.574284, @HouseOfJCurtis they had said that https://t.co/9Ve85ApqV8 
WhoWantSmoke4, Thu Apr 30 07:01:04 +0000 2020, -117.104989, 32.810012, @BrigadeBee @SoMilli_ 2020 doggie we in 2020 now...when you can brag about what cardi has done in 2020 come holla aâ€¦ https://t.co/CK5fC59y3w 
conspiracylife, Thu Apr 30 07:01:04 +0000 2020, -87.732013, 41.833585, @areayeaitch @charlefoxtrot "Give me something to siiiiiiing abooooouut. Please!" https://t.co/n5N4OuXKEu 
TweetyLolita, Thu Apr 30 07:01:05 +0000 2020, -120.882482, 47.273022, @kencubbie @krystalball Amash will appeal to right-leaning independents and libertarians. Granted, Bernie appealedâ€¦ https://t.co/wrFjFke40J 
louiegee818, Thu Apr 30 07:01:05 +0000 2020, -118.411907, 34.020789, Fuck dudes whoâ€™s dads are cops 
anaismariexo, Thu Apr 30 07:01:05 +0000 2020, -74.267242, 40.696176, Karaoke is therapy dawg 
gscott409, Thu Apr 30 07:01:06 +0000 2020, -96.761753, 32.819858, @glojulian naw fr lol 
DIFTR8, Thu Apr 30 07:01:06 +0000 2020, -98.152419, 26.347525, I should prolly go to bed now ğŸ˜´ 
elianabrt_, Thu Apr 30 07:01:06 +0000 2020, -105.550890, 38.997936, en el 2021 puedo decir que no hice NADA literalmente en el 2020 
lobo5morales, Thu Apr 30 07:01:06 +0000 2020, -100.293591, 25.641718, @Alberto04P @BloggersMty Ya aclarÃ³ que cerrÃ³ la cuenta el wey, no creo que ni Mariana ni Samuel tengan tanto poder,â€¦ https://t.co/nmFq7uiSvr 
Pjrojas1975, Thu Apr 30 07:01:06 +0000 2020, -117.864820, 33.644899, Coyotes and Suns Must Work Together on Arena Deal https://t.co/Vw4ms0GuKD 
NakaiCanon, Thu Apr 30 07:01:07 +0000 2020, -75.770041, 42.746617, Graduated college in 2018 
kole_musgrove, Thu Apr 30 07:01:07 +0000 2020, -122.896817, 46.133596, Officially less than 6 hours until something special from @NEEDTOBREATHE ğŸ˜ğŸ˜ğŸ˜ https://t.co/P4kdLhRGYm 
CorvusCorax77, Thu Apr 30 07:01:07 +0000 2020, -122.630908, 45.536402, @JackCooper92 What?? Why? 
erickdelazeus, Thu Apr 30 07:01:07 +0000 2020, -73.849441, 40.850347, I recently found out I can change my corny ass tag on this wow 
Kamakanasty, Thu Apr 30 07:01:08 +0000 2020, -158.031602, 21.402693, @n0tmiakhalifa I want Zippys 
MiliLaff, Thu Apr 30 07:01:08 +0000 2020, -158.069430, 21.344561, That hour flew by! So grateful you joined us. Please keep chatting, or come back later! #808Educate https://t.co/tk8YkPIOQy 
YOitsKeato, Thu Apr 30 07:01:08 +0000 2020, -85.641142, 42.956412, @ZOLAJESUS Grimes Gunna come for you again zolaaaaaaa 
dyrinone, Thu Apr 30 07:01:08 +0000 2020, -95.377814, 30.063515, @jstcamryn You goin die Iâ€™m telling youğŸ˜‚ğŸ˜‚ğŸ˜‚ğŸ˜‚ğŸ˜‚ 
BJ_Avila, Thu Apr 30 07:01:08 +0000 2020, -119.165389, 34.181956, @Fas3an â€œYeah, thatâ€™s cool. Grab us some drinks, yeah?â€ 
thesophia_509, Thu Apr 30 07:01:08 +0000 2020, -71.088712, 42.313670, Am i the only one who gets extremely nauseous after painting with oil paint for an extended period of time ? 
Vashoden, Thu Apr 30 07:01:08 +0000 2020, -117.022695, 38.502147, Part 2 https://t.co/DzCDXr4yuV 
joanneglenn_, Thu Apr 30 07:01:08 +0000 2020, -149.758794, 61.235042, @angelinarfonua @elaniagueco Oops.  ğŸ˜‚ 
ambreeeezie, Thu Apr 30 07:01:08 +0000 2020, -117.104989, 32.810012, This stressed me out ğŸ˜° 
JackOATzDaGOAT, Thu Apr 30 07:01:09 +0000 2020, -117.104989, 32.810012, @SlumptRez @ScrubLordSid Lol nope 
lilpaypal, Thu Apr 30 07:01:09 +0000 2020, -122.805579, 45.484892, This was my shit wtf I was 10 ğŸ˜‚ğŸ˜­ 
karinaleilani, Thu Apr 30 07:01:09 +0000 2020, -117.982366, 34.002381, Just when I thought I had seen everything. 
glokennethh, Thu Apr 30 07:01:10 +0000 2020, -118.411907, 34.020789, @JerezYessenia ğŸ¤¨ 
TonyWaters7, Thu Apr 30 07:01:10 +0000 2020, -123.122401, 44.065621, @bryanbehar Evidently. It has made holes in his brain. 
concalma0, Thu Apr 30 07:01:10 +0000 2020, -119.827182, 39.512436, @HayZues22 Took a piece of paper for you to finally be proud of me smh 
Im_a_starrrrrx3, Thu Apr 30 07:01:10 +0000 2020, -74.196525, 40.662479, @anyadotcomm @Andri_iana Yeha i seen it just needa find the time now 
NeuroticVirgoo, Thu Apr 30 07:01:10 +0000 2020, -118.411907, 34.020789, @bornthisrich he and I have that in common. what's his name 
theimanirenee, Thu Apr 30 07:01:11 +0000 2020, -83.173867, 32.678207, ok but where the #gramfam24 from georgia at? 
DisMizz_, Thu Apr 30 07:01:11 +0000 2020, -118.411907, 34.020789, Tried to knock me off my horse 
EuniceOrji, Thu Apr 30 07:01:11 +0000 2020, -111.738566, 33.295215, My birthday not even official till 4amğŸ˜‚ 
BlueVelvet78, Thu Apr 30 07:01:11 +0000 2020, -89.808900, 33.775000, #Repost zhanbo.thaifan download.ins---The oath of love ğŸ‘¨â€âš•ï¸ Behind screen #à¸›à¸£à¸¡à¸²à¸ˆà¸²à¸£à¸¢à¹Œà¸¥à¸±à¸—à¸˜à¸´à¸¡à¸²#theuntamedâ€¦ https://t.co/zjf9dqH17Z 
malachixkxk, Thu Apr 30 07:01:12 +0000 2020, -158.151349, 21.386840, Yall... I swear 
DasGrog, Thu Apr 30 07:01:12 +0000 2020, -117.772917, 34.065450, @UK_Daniel_Card Lots of advantages to EFI... simple is not one of them :p 
BriAnneHolthaus, Thu Apr 30 07:01:12 +0000 2020, -117.998733, 33.692542, @the1banjo Wish you could dislike tweets right about now 
chrisyamas, Thu Apr 30 07:01:12 +0000 2020, -75.117998, 40.004866, @SeeAshleyTweet Bazingross 
djtopnotch17, Thu Apr 30 07:01:12 +0000 2020, -84.388900, 33.756600, Somebody said, â€œTHE SECRETâ€™S OUTâ€!!! Thatâ€™s right, ATLANTAâ€™S MOST KNOWN SECRET djbriscoedabriz Will be the DJ thisâ€¦ https://t.co/WiTbG4RTE1 
atmfrankk, Thu Apr 30 07:01:13 +0000 2020, -81.228315, 31.983883, Dey donâ€™t tell U bout the good I did, dey forget dat part 
NatalieLanovill, Thu Apr 30 07:01:13 +0000 2020, -123.123581, 49.257639, I've been saving it for 16 months. Wrapped it up, schlepped it down from Peachland last spring, and it's been in myâ€¦ https://t.co/fn3h1sr2BE 
MarssRoxx, Thu Apr 30 07:01:13 +0000 2020, -97.715583, 26.196365, â€œYa me quiero irâ€ - me in bed at 2am. brain broken 
yung_testicle_, Thu Apr 30 07:01:13 +0000 2020, -118.318583, 33.784587, @grimyshawty @Fleshlight EW https://t.co/OlufYHLWWF 
alanahstory_21, Thu Apr 30 07:01:13 +0000 2020, -86.890780, 30.378707, I was so obsessed with @justinbieber when I was younger Iâ€™d probably still cry if I let him. 
Marisol_SayWhat, Thu Apr 30 07:01:13 +0000 2020, -122.085776, 37.641271, @lizyonce @gera_lsx https://t.co/oe6ug4up0d 
KevinClamato, Thu Apr 30 07:01:13 +0000 2020, -73.968542, 40.780709, Barbaric? ğŸ¤¦ğŸ»â€â™‚ï¸ Weâ€™ll be at 100,000 #COVID19 deaths in the a#USA by May 18th. Sooner now that ppl think nothingâ€™s gâ€¦ https://t.co/Hl8uEvm3DB 
papismithy, Thu Apr 30 07:01:13 +0000 2020, -80.649699, 28.117874, â€œHeâ€™s like a brother to meâ€#toxicgirl101 
KevinLFarris, Thu Apr 30 07:01:13 +0000 2020, -87.632496, 41.883222, || hi.â£|| new music is on the wayâ£|| and thatâ€™s whatâ€™s up â£|| you down? @ Chicago, Illinois https://t.co/MoIzAbQOUO 
porshadeun, Thu Apr 30 07:01:13 +0000 2020, -83.633752, 42.906423, @AuthorTOBurnett @BigBootyJudy814 This. 
stepphxanie, Thu Apr 30 07:01:14 +0000 2020, -117.480990, 33.994912, miss going out 
desmonflonnory, Thu Apr 30 07:01:14 +0000 2020, -96.972913, 28.802534, @DaltonKutach 
Jupiterstaraj, Thu Apr 30 07:01:14 +0000 2020, -77.014398, 38.898603, White men move saying they donâ€™t wanna come southeast and i never understand it. Your people have gentrified this wâ€¦ https://t.co/soMa9Kl8xz 
finesse_zayy, Thu Apr 30 07:01:14 +0000 2020, -96.398038, 34.014712, https://t.co/SmySvimirC 
Jehovah_Rooster, Thu Apr 30 07:01:14 +0000 2020, -100.076888, 31.168893, X.ğŸ€ https://t.co/0S9GasFcGf 
andrewoko23, Thu Apr 30 07:01:14 +0000 2020, -111.880874, 33.282450, @paxpax14 @Djuicetm Dis nigga is a-s-s 
RMGaustad, Thu Apr 30 07:01:14 +0000 2020, -122.633370, 38.244454, @benwikler Man, this asshole should be in prison. 
rachelmarie2018, Thu Apr 30 07:01:14 +0000 2020, -95.913642, 36.109392, Iâ€™VE SAID HE WAS THE TURTLE FROM THE VERY BEGINNING!!! Like come on guys #TheMaskedSinger 
JustLainaJ, Thu Apr 30 07:01:14 +0000 2020, -83.173867, 32.678207, Yâ€™all ok with me lol but the rest need a good fuck lol so they can ğŸ¤ 
L1LCR01SS4NT, Thu Apr 30 07:01:14 +0000 2020, -118.156711, 33.809172, I wish I had close friends but it hard for me to maintain relationships cause of my mental health issues 
KF__1998, Thu Apr 30 07:01:14 +0000 2020, -98.540651, 29.417501, A question, friends. My ability to cosplay intersects wirh my airsoft hobby, and I have an opportunity to make an aâ€¦ https://t.co/2BxQQCdVZA 
madkat1985, Thu Apr 30 07:01:15 +0000 2020, -105.605821, 41.308163, #dreamemmawatson I wanted to save the world when little.  I am not sure where to start.  I have had a long 12 yearsâ€¦ https://t.co/Aa883vVt13 
BlenBonita, Thu Apr 30 07:01:15 +0000 2020, -80.233328, 25.782353, I cannnot express how yung bleu is so underrated. This new EP fire ğŸ”¥ 
AlexisTovias, Thu Apr 30 07:01:15 +0000 2020, -97.754724, 30.323346, My two world's colliding ahh 
Jay_Cee_Ohh, Thu Apr 30 07:01:15 +0000 2020, -118.913209, 35.272404, Damn this quarantine really messed up some good things that could have happened for me 
jesselleeocampo, Thu Apr 30 07:01:15 +0000 2020, -118.156711, 33.809172, OMG 
CharlesfromLB, Thu Apr 30 07:01:15 +0000 2020, -118.156711, 33.809172, @mamaraeven https://t.co/6hrLVrhejO 
ShemmGod, Thu Apr 30 07:01:16 +0000 2020, -96.982788, 32.958255, Yâ€™all freaked out ğŸ˜‚ 
PaulWBNG, Thu Apr 30 07:01:16 +0000 2020, -75.903592, 42.111785, BREAKING #RIP Rishi Kapoor at the young age of 67 - You fought the good fight.  Bollywood will not be the same.   https://t.co/yOcTxnDkwS 
by_bordeaux, Thu Apr 30 07:01:16 +0000 2020, -71.054857, 42.428694, Re-opening the economy isnâ€™t going to save the economy. Smart and efficient government spending laws will save the economy. 
kattgravves, Thu Apr 30 07:01:16 +0000 2020, -117.887439, 33.739992, @kayzthemermaid thank you kaylee ğŸ¥ºğŸ’• youâ€™re the sweetest! 
GoomezAM, Thu Apr 30 07:01:16 +0000 2020, -100.196134, 25.676603, Hora de la mÃºsica sad 
crawfordsjonah, Thu Apr 30 07:01:16 +0000 2020, -86.145320, 39.583039, stan https://t.co/qbRaHMnsor 
madelinean33, Thu Apr 30 07:01:16 +0000 2020, -118.136676, 34.085597, Very awkward @allisonpearson 
JayHooft, Thu Apr 30 07:01:17 +0000 2020, -79.272570, 43.629311, So since Toronto is locked down. Night time is haunting quite! However we just heard what sounded like fireworks goâ€¦ https://t.co/ZNt7d5HLuD 
kimberlyxgarcia, Thu Apr 30 07:01:17 +0000 2020, -118.072317, 33.830642, told my man i didnâ€™t want anything from wingstop and he still ordered me some, he obviously didnâ€™t want me picking off his food lmao 
MikeDrewWhat, Thu Apr 30 07:01:17 +0000 2020, -93.105649, 44.941516, @DustinTL @paul_yield Agree, sheâ€™s not the worst by far 
sourdmobbin, Thu Apr 30 07:01:17 +0000 2020, -75.106200, 39.937200, ğŸ¥° My bros know I luv me sum Jeanette Reyes #abcnews #phillylove @ Camden, New Jersey https://t.co/nN8IZQuoBZ 
peepdateyeroll, Thu Apr 30 07:01:17 +0000 2020, -121.998644, 37.973327, @IiIGothboi 
Pvncho11, Thu Apr 30 07:01:17 +0000 2020, -96.761753, 32.819858, @DjE_lectrik10 Bro please watch it. That shit is super crazy. One of my favorite series on Netflix. 
KenKChow, Thu Apr 30 07:01:17 +0000 2020, -123.042710, 49.206090, ğŸ˜ğŸŒ³ @RDVancouver #vancouver ğŸ‡¨ğŸ‡¦ @ River District Vancouver https://t.co/aYEqt4tFYi 
_ohitsdeee, Thu Apr 30 07:01:17 +0000 2020, -96.863795, 32.604153, @__Ciaraaaaaaa Yes you need to gts after that ğŸ’€ 
511NYC, Thu Apr 30 07:01:18 +0000 2020, -73.986177, 40.689016, Cleared: Incident on #GLine BothDir/BothDir at Hoyt-Schermerhorn Station 
511NYC, Thu Apr 30 07:01:18 +0000 2020, -73.808036, 40.700542, Cleared: Incident on #HempsteadBranch WB at Jamaica Station 
511nyG, Thu Apr 30 07:01:18 +0000 2020, -73.986177, 40.689016, Cleared: Incident on #GLine BothDir/BothDir at Hoyt-Schermerhorn Station 
teerin__, Thu Apr 30 07:01:19 +0000 2020, -96.621634, 32.907642, @mhylesHunchoo ğŸ¤£ğŸ¤£ğŸ¤£ğŸ¤£ 
travelliberally, Thu Apr 30 07:01:19 +0000 2020, -104.922093, 39.713563, @ApostateRidvan Old Mo did a better job of marketing than Trump.  Amazed  that Illiterate goat herders would fallâ€¦ https://t.co/RNDwHo5TnV 
anekohh, Thu Apr 30 07:01:19 +0000 2020, -91.188692, 32.405961, 7 in boys 
rachnne, Thu Apr 30 07:01:19 +0000 2020, -122.279521, 37.875845, if u look like khaki pants boy DM me 
__marissantana, Thu Apr 30 07:01:20 +0000 2020, -100.076888, 31.168893, @KarmennAFloress i mean i am now LMFAO 
KnolesMichael, Thu Apr 30 07:01:20 +0000 2020, -114.143262, 45.494552, @womanclimate11 Jaja. I'm just being feisty 
bebopbopbop, Thu Apr 30 07:01:20 +0000 2020, -121.873730, 37.331159, https://t.co/IAvHbX3yam 
MnkyFrmAladdin, Thu Apr 30 07:01:21 +0000 2020, -95.446486, 29.838495, Is it still considered a wine down if itâ€™s been happening for the last several hours...? I mean, itâ€™s 2am at this point. 
sheabuttatwitta, Thu Apr 30 07:01:21 +0000 2020, -122.435979, 37.770657, Yeah i got the green iPhone 11 this color hella raw to me 
WestsideDonnie, Thu Apr 30 07:01:21 +0000 2020, -74.066663, 40.718001, Who active rn? 
Bilal_534, Thu Apr 30 07:01:21 +0000 2020, -88.106030, 41.683339, https://t.co/k8K7tL2wIA 
HeavyWeight_, Thu Apr 30 07:01:22 +0000 2020, -75.117998, 40.004866, On God !!! 
RyleePatt, Thu Apr 30 07:01:22 +0000 2020, -75.320699, 39.899622, iâ€™m the ceo of â€œiâ€™ll call u right backâ€ and not calling back for days my bad 
babybleubills, Thu Apr 30 07:01:22 +0000 2020, -74.184848, 40.734494, I was in love with you, you was my ride or die bitch baby wassup with you? 
LindseySubia, Thu Apr 30 07:01:22 +0000 2020, -117.017630, 32.769690, @fb6_omar Dude thatâ€™s what I thought! But still they said itâ€™s high risk for the sport gear or whatever ğŸ¤·â€â™€ï¸ 
nuochan, Thu Apr 30 07:01:22 +0000 2020, -123.358379, 48.426730, ä½†æ˜¯å®Œå‹å°ç²‰ç´…ï¼Œå¯ä»¥æ­»å¾—çœ¼é–‰ 
buzzdixonwriter, Thu Apr 30 07:01:22 +0000 2020, -74.000761, 40.720756, Duty Now For The Future (part four)  https://t.co/bZhmLTYqr2 
SoapyRock, Thu Apr 30 07:01:23 +0000 2020, -83.099288, 42.352787, https://t.co/lNu2ZgGVRa 
triplet2000, Thu Apr 30 07:01:23 +0000 2020, -83.173867, 32.678207, @og_1126 Yesss maâ€™am 
jesselleeocampo, Thu Apr 30 07:01:23 +0000 2020, -118.156711, 33.809172, I HATE IT HERE BAHAHA 
isaiahdotnoel, Thu Apr 30 07:01:23 +0000 2020, -100.076888, 31.168893, @sydneymarquezz oh okay 
arlenneeeyo, Thu Apr 30 07:01:23 +0000 2020, -118.018856, 33.975918, Ant had his first structure fire today &amp; I canâ€™t wait till heâ€™s home from the station tomorrow &amp; I get to see him!! 
_denisegtz, Thu Apr 30 07:01:24 +0000 2020, -117.580036, 33.979343, @karenemedina ğŸ˜ğŸ˜ğŸ˜ 
YoItsKenneth, Thu Apr 30 07:01:24 +0000 2020, -95.446486, 29.838495, @PARTITIONSTAN Iâ€™m tired just watching Lmao 
keonnaofficial, Thu Apr 30 07:01:24 +0000 2020, -78.181577, 38.926365, Pipping down the bitch you wish you were 
badgalllvic, Thu Apr 30 07:01:24 +0000 2020, -117.022463, 32.633767, So they closing the beaches again like what was the reason to open them in the first place????? 
handi817, Thu Apr 30 07:01:24 +0000 2020, -73.831187, 40.670879, @HowlinFantods @Galeanthropy1 @Bern4Bern @krystalball @esaagar No redemption? 
mokos1313, Thu Apr 30 07:01:24 +0000 2020, -88.142512, 41.519556, I saw hell. It's an Irish bar where its St Patrick's day everyday. 
analleliii, Thu Apr 30 07:01:24 +0000 2020, -119.306608, 37.269176, My sister just said I sound like a  scary monster when I scream ğŸ˜‚ğŸ˜‚ğŸ¥ºğŸ¥ºğŸ¥ºğŸ¥ºğŸ¥ºğŸ¥ºğŸ¥ºğŸ¥ºğŸ¥º 
_eli_crawford12, Thu Apr 30 07:01:24 +0000 2020, -86.793917, 33.542237, @gizellesthought ğŸ™„ 
BrutalBrie24, Thu Apr 30 07:01:24 +0000 2020, -119.306608, 37.269176, This bitch bio is literally â€œeats plantsâ€ hahahahaha ok the fuck you are...? A cowğŸ˜‚ 
JALENBOE, Thu Apr 30 07:01:24 +0000 2020, -79.857363, 36.090397, truth be told i really love brownskin shawtysğŸ˜© 
SensitivityFree, Thu Apr 30 07:01:24 +0000 2020, -122.630908, 45.536402, @NoitsDeadstroke @captrwrpnts We both have watched this over and over again laughing our asses off ğŸ˜‚ğŸ¤£Thanks for tâ€¦ https://t.co/O939fauIeK 
RecklessDonDon, Thu Apr 30 07:01:25 +0000 2020, -80.149173, 26.150368, dead ass almost drove smack into a guard rail. I Was falling asleep 
solomonm97, Thu Apr 30 07:01:25 +0000 2020, -75.800141, 45.248791, @TheUnruly3 Olowoza essimu teyajitunze https://t.co/EecwhUdT1n 
christos_ioa, Thu Apr 30 07:01:25 +0000 2020, -81.550398, 41.474967, https://t.co/5fGFqZ7TP0 
VanguardArmory, Thu Apr 30 07:01:25 +0000 2020, -92.436774, 38.304558, @TheGammatrap Aw thanks man, good to hear youâ€™ve got it displayed somewhere. Iâ€™ve made almost 100 pins now and thatâ€¦ https://t.co/XVAYkxwBMs 
dyamih_, Thu Apr 30 07:01:25 +0000 2020, -85.629048, 42.312691, I hated Francesca and Harry when I was watching too hot to handle but theyâ€™re the cutest on Instagram ğŸ¥º their videos are adorable 
Olivertitan1105, Thu Apr 30 07:01:25 +0000 2020, -73.948775, 40.655138, Ugh, the south.... 
Phinmeister, Thu Apr 30 07:01:26 +0000 2020, -119.306608, 37.269176, ğŸ‰ğŸ‰ ğŸ‰ğŸ’–ğŸ’–ğŸ’– happy 4th anniversary to adam and rick ğŸ’–ğŸ’–ğŸ’–ğŸ‰ğŸ‰ğŸ‰ 
bryant_svo, Thu Apr 30 07:01:26 +0000 2020, -118.411907, 34.020789, Playing all the bangers 
yaekardash, Thu Apr 30 07:01:26 +0000 2020, -95.446486, 29.838495, nah cause my bestfriend really hops on them tips with niggas in my dm ğŸ˜‚ 
MJonbeat, Thu Apr 30 07:01:26 +0000 2020, -118.163276, 34.685827, @TrentRushSports At home, watching the game on mute, because they were pretty much saying it was over and the Giantâ€¦ https://t.co/nzyPRxoQvE 
ChanelTanaka, Thu Apr 30 07:01:26 +0000 2020, -157.829580, 21.295930, At restaurant Izakaya Torae Torae putting a #sold sign up on my WILD NINJA GIRL painting. Super stoked this originaâ€¦ https://t.co/sVUD27z4xd 
LittlePremier, Thu Apr 30 07:01:26 +0000 2020, -149.758794, 61.235042, GULSHAN KWATRA OF INDIA IS BLACK MUSLIM WHO HAD TAKEN LEPER SHOTS TO CAMOUFLAGE HIS BLACKNESS AND HE HAD FELT THATâ€¦ https://t.co/PUzf3AlXLG 
Erocksradio, Thu Apr 30 07:01:26 +0000 2020, -83.099288, 42.352787, I had like 10 bands in heavy rotation but...PanteraDeftonesMetallicaKornSlipknot 
ewolfe2016, Thu Apr 30 07:01:27 +0000 2020, -82.669467, 40.365160, https://t.co/ty20rsWhHH for any of my friends dying for books right now... here is my book of the month referral! 
BaneVengeance, Thu Apr 30 07:01:27 +0000 2020, -73.584266, 40.648987, @CUMDEO3 Ğ’Ğ¾Ğ·Ğ¼Ğ¾Ğ¶Ğ½Ğ¾, Ğ² ÑÑ‚Ğ¾Ğ¼ ĞœĞ¸Ñ€Ğµ, Ğ²ÑÑ‘. 
darienperry, Thu Apr 30 07:01:27 +0000 2020, -90.322616, 38.610796, Pull up with that new new in the dark way, so fresh I double park that bitch sideways !!!!!!!!!!! 
covesierra_, Thu Apr 30 07:01:27 +0000 2020, -118.081020, 33.789020, @Jaxxx_lynn just made my day and itâ€™s only 12:00 am ğŸ¥ºğŸ’™ 
mom_graham, Thu Apr 30 07:01:27 +0000 2020, -95.446486, 29.838495, @taylor_grahamPV @Cg1Graham @laurenkenzieeee 
munalamis, Thu Apr 30 07:01:28 +0000 2020, -118.411907, 34.020789, @astylepixie Yes add me!!! Iâ€™m too poor for a switch rn lol 
wiseguyhoopin23, Thu Apr 30 07:01:27 +0000 2020, -80.353332, 25.772288, @Rondo_32 Beat my uncle ass the other day cuz he ainâ€™t play my music, he talking bout he sell dog I think the niggaâ€¦ https://t.co/oa2dlJLluk 
extra_of_jess, Thu Apr 30 07:01:28 +0000 2020, -91.401008, 30.937336, Congrats dude thatâ€™s awesome !!! 
SheGotFreckles, Thu Apr 30 07:01:28 +0000 2020, -77.374808, 37.580939, This not metro but a nigga in the comments said a man doing gymnastics...is gayğŸ¤¨ğŸ¤¨. 
unn_dress, Thu Apr 30 07:01:28 +0000 2020, -117.319871, 34.057348, Eres el sol? Entonces por me derreito  a verte 
_daniellefeeney, Thu Apr 30 07:01:28 +0000 2020, -82.096405, 39.320384, @SOLA718 
MissShanaLouB, Thu Apr 30 07:01:28 +0000 2020, -92.288094, 30.006658, I really listen to a whole albumb when it drops and swear I could do a review on it but don't feel like anyone would pay attention. 
_jessiccaaaaa_, Thu Apr 30 07:01:29 +0000 2020, -97.863458, 29.989242, yes maâ€™am a big ole check âœ… 
httpsvge, Thu Apr 30 07:01:29 +0000 2020, -83.173867, 32.678207, damn im still a 3/5ths ass nigga i guess 
van_essavan, Thu Apr 30 07:01:29 +0000 2020, -117.104989, 32.810012, @DruidicM Is that the new constitution ? 
johnsont04, Thu Apr 30 07:01:29 +0000 2020, -118.248063, 33.839612, @PalmerReport He was just stating facts moron. Thank you @chrislhayes 
DatBoiJit, Thu Apr 30 07:01:29 +0000 2020, -105.953829, 32.895482, @DannieMarie760 @ajenewhite1 https://t.co/xZNzvk4DAJ 
_GodPunchPat, Thu Apr 30 07:01:30 +0000 2020, -95.326899, 29.547885, Naw Deku put that one on his back lmao Sasuke technically didnâ€™t win tho 
Vashoden, Thu Apr 30 07:01:30 +0000 2020, -117.022695, 38.502147, Part 3 https://t.co/00oS4mcwR6 
AlexHD___, Thu Apr 30 07:01:30 +0000 2020, -90.011008, 29.982601, @Mel_Slimazz @6boog6 Canâ€™t be wrecking ya self like that lol 
TheDailyHoney, Thu Apr 30 07:01:30 +0000 2020, -79.759591, 43.724971, This performance #RIPRishiKapoor https://t.co/o6lye9xmoV 
ajcaraveo, Thu Apr 30 07:01:30 +0000 2020, -121.382092, 38.421534, I was just interviewed on the news.... WYD BBY? ğŸ¤ª https://t.co/TCh9nv7IfQ 
finesse_zayy, Thu Apr 30 07:01:31 +0000 2020, -96.398038, 34.014712, https://t.co/0MLhxx2eBH 
outCOMESdaBEAST, Thu Apr 30 07:01:31 +0000 2020, -81.705467, 41.495940, My mom wants lawn chairs for her yard so ğŸ™„ I guess she can get them 
DizziLeal69, Thu Apr 30 07:01:31 +0000 2020, -95.508925, 29.574284, @tierrvxox @tierrvxoxx I'm gorgeous beyond belief 
Deon_tha_Truth, Thu Apr 30 07:01:31 +0000 2020, -92.076701, 32.521243, Cause Iâ€™m pressure ğŸ’¦ğŸ˜Œ almost drop a nude ğŸ¤ª 
dyrinone, Thu Apr 30 07:01:31 +0000 2020, -95.377814, 30.063515, @iiamsyd Lmfaoooooo how you did thatğŸ˜‚ğŸ˜‚ğŸ˜‚ğŸ˜‚ğŸ˜‚ 
Darneezus, Thu Apr 30 07:01:31 +0000 2020, -117.166816, 33.138742, This is like when Disney makes a live action remake of a classic animated movie lol 
Anna17245759, Thu Apr 30 07:01:31 +0000 2020, -85.253692, 34.015725, I just be wanting you to catch up babes.. sheesh 
damfTruth18, Thu Apr 30 07:01:31 +0000 2020, -84.772176, 43.593853, Catchin vibes inna purple minkYeah Yeah 
megabbones, Thu Apr 30 07:01:31 +0000 2020, -94.153889, 36.186652, @PaperBugDev YESS 
castillok76, Thu Apr 30 07:01:31 +0000 2020, -118.875000, 34.189500, Its Wednesday and our bodies knows itğŸ–¤ğŸ–¤ğŸ–¤ @ Thousand Oaks, California https://t.co/BgBcTpYnXS 
layneelkins, Thu Apr 30 07:01:32 +0000 2020, -97.754724, 30.323346, who tf is moving trash cans outside the apartments at 2am?! 
KingMidasDtx, Thu Apr 30 07:01:32 +0000 2020, -96.761753, 32.819858, No cap that song was fire. 
MaureenPiscate7, Thu Apr 30 07:01:33 +0000 2020, -71.230677, 42.610900, @mvbrat91 @PrinceArthasLK What in F's name are you talking about 
drophacking, Thu Apr 30 07:01:33 +0000 2020, -112.124676, 33.552863, @CVR__TK AAAAHHHHH 
SunshineeHobii2, Thu Apr 30 07:01:33 +0000 2020, -118.411907, 34.020789, #hobicult #HOBICULT @BTS_twt https://t.co/6TLJBtGSG3 
marquisjjones, Thu Apr 30 07:01:33 +0000 2020, -96.891739, 33.079014, Canâ€™t quit ğŸ’¯ 
victoriaisvbel_, Thu Apr 30 07:01:33 +0000 2020, -87.732013, 41.833585, Iâ€™ve been going to bed being thankful for my patience and ability to being positive. I asked for happiness also 
DavidSandbeck, Thu Apr 30 07:01:33 +0000 2020, -93.105649, 44.941516, #JoeBiden has no empathy for young people or what is going on! His economic advisor think you low wage workers struâ€¦ https://t.co/8YRnDwqOEM 
ManiTheUncanny, Thu Apr 30 07:01:33 +0000 2020, -73.866900, 40.850000, On the red shores of #carcosa ...Achievement Unlocked: Cheezy 1980â€™s Horror Poster look. I think I can call this oâ€¦ https://t.co/mGonVx6ap7 
mvddm, Thu Apr 30 07:01:33 +0000 2020, -122.435979, 37.770657, @JayMalsky omfg I just realized you were talking about tiger king Carole and I was talking about Cate Blanchett Carol!!  XğŸ˜‚ğŸ˜‚ğŸ’€ 
Felix26038700, Thu Apr 30 07:01:34 +0000 2020, -122.435979, 37.770657, @ronnyelid @berthamariaD Me quiero casar con ella. Esta hermosa esta muÃ±equita. 
